{"Bajeng (Gowa)":{"Pendapatan ( < 2.500.000 )":0.0,"Pendapatan ( 2.500.000 - 5.000.000 )":75.0,"Pendapatan ( 5.000.001 - 10.000.000 )":25.0,"Pendapatan ( > 10.000.000 )":0.0,"Total":1,"Segment":"Second","coord":[-5.27722885,119.4300907944]},"Barombong (Gowa)":{"Pendapatan ( < 2.500.000 )":0.0,"Pendapatan ( 2.500.000 - 5.000.000 )":50.0,"Pendapatan ( 5.000.001 - 10.000.000 )":50.0,"Pendapatan ( > 10.000.000 )":0.0,"Total":1,"Segment":"Second","coord":[-5.2317452,119.4150582818]},"Biringkanaya (Makassar)":{"Pendapatan ( < 2.500.000 )":0.0,"Pendapatan ( 2.500.000 - 5.000.000 )":0.0,"Pendapatan ( 5.000.001 - 10.000.000 )":80.0,"Pendapatan ( > 10.000.000 )":20.0,"Total":0,"Segment":"First","coord":[-5.10292405,119.5140804173]},"Bontoala (Makassar)":{"Pendapatan ( < 2.500.000 )":16.6666666667,"Pendapatan ( 2.500.000 - 5.000.000 )":33.3333333333,"Pendapatan ( 5.000.001 - 10.000.000 )":33.3333333333,"Pendapatan ( > 10.000.000 )":16.6666666667,"Total":3,"Segment":"Fourth","coord":[-5.12719,119.4188792]},"Bontomarannu (Gowa)":{"Pendapatan ( < 2.500.000 )":0.0,"Pendapatan ( 2.500.000 - 5.000.000 )":60.0,"Pendapatan ( 5.000.001 - 10.000.000 )":40.0,"Pendapatan ( > 10.000.000 )":0.0,"Total":1,"Segment":"Second","coord":[-5.2553449,119.5318829384]},"Bontonompo (Gowa)":{"Pendapatan ( < 2.500.000 )":0.0,"Pendapatan ( 2.500.000 - 5.000.000 )":100.0,"Pendapatan ( 5.000.001 - 10.000.000 )":0.0,"Pendapatan ( > 10.000.000 )":0.0,"Total":4,"Segment":"Fifth","coord":[-5.3607953,119.4266716252]},"Bontonompo Selatan (Gowa)":{"Pendapatan ( < 2.500.000 )":0.0,"Pendapatan ( 2.500.000 - 5.000.000 )":100.0,"Pendapatan ( 5.000.001 - 10.000.000 )":0.0,"Pendapatan ( > 10.000.000 )":0.0,"Total":4,"Segment":"Fifth","coord":[-5.39725385,119.392736858]},"Makassar (Makassar)":{"Pendapatan ( < 2.500.000 )":0.0,"Pendapatan ( 2.500.000 - 5.000.000 )":25.0,"Pendapatan ( 5.000.001 - 10.000.000 )":50.0,"Pendapatan ( > 10.000.000 )":25.0,"Total":2,"Segment":"Third","coord":[-5.1411935,119.4256802885]},"Mamajang (Makassar)":{"Pendapatan ( < 2.500.000 )":0.0,"Pendapatan ( 2.500.000 - 5.000.000 )":0.0,"Pendapatan ( 5.000.001 - 10.000.000 )":75.0,"Pendapatan ( > 10.000.000 )":25.0,"Total":0,"Segment":"First","coord":[-5.16350795,119.4172357787]},"Manggala (Makassar)":{"Pendapatan ( < 2.500.000 )":5.2631578947,"Pendapatan ( 2.500.000 - 5.000.000 )":36.8421052632,"Pendapatan ( 5.000.001 - 10.000.000 )":21.0526315789,"Pendapatan ( > 10.000.000 )":36.8421052632,"Total":2,"Segment":"Third","coord":[-5.1652242,119.5021852]},"Mariso (Makassar)":{"Pendapatan ( < 2.500.000 )":12.5,"Pendapatan ( 2.500.000 - 5.000.000 )":12.5,"Pendapatan ( 5.000.001 - 10.000.000 )":62.5,"Pendapatan ( > 10.000.000 )":12.5,"Total":3,"Segment":"Fourth","coord":[-5.1574312,119.4079892]},"Pallangga (Gowa)":{"Pendapatan ( < 2.500.000 )":25.0,"Pendapatan ( 2.500.000 - 5.000.000 )":0.0,"Pendapatan ( 5.000.001 - 10.000.000 )":75.0,"Pendapatan ( > 10.000.000 )":0.0,"Total":3,"Segment":"Fourth","coord":[-5.24328465,119.4628012002]},"Panakkukang (Makassar)":{"Pendapatan ( < 2.500.000 )":4.1666666667,"Pendapatan ( 2.500.000 - 5.000.000 )":4.1666666667,"Pendapatan ( 5.000.001 - 10.000.000 )":54.1666666667,"Pendapatan ( > 10.000.000 )":37.5,"Total":2,"Segment":"Third","coord":[-5.141153,119.4511172689]},"Pattallassang (Gowa)":{"Pendapatan ( < 2.500.000 )":0.0,"Pendapatan ( 2.500.000 - 5.000.000 )":0.0,"Pendapatan ( 5.000.001 - 10.000.000 )":100.0,"Pendapatan ( > 10.000.000 )":0.0,"Total":0,"Segment":"First","coord":[-5.2058032,119.5564860393]},"Rappocini (Makassar)":{"Pendapatan ( < 2.500.000 )":3.8461538462,"Pendapatan ( 2.500.000 - 5.000.000 )":26.9230769231,"Pendapatan ( 5.000.001 - 10.000.000 )":42.3076923077,"Pendapatan ( > 10.000.000 )":26.9230769231,"Total":2,"Segment":"Third","coord":[-5.1508148,119.4256247]},"Somba Opu (Gowa)":{"Pendapatan ( < 2.500.000 )":0.0,"Pendapatan ( 2.500.000 - 5.000.000 )":12.5,"Pendapatan ( 5.000.001 - 10.000.000 )":37.5,"Pendapatan ( > 10.000.000 )":50.0,"Total":2,"Segment":"Third","coord":[-5.2022636,119.4806344069]},"Tallo (Makassar)":{"Pendapatan ( < 2.500.000 )":0.0,"Pendapatan ( 2.500.000 - 5.000.000 )":28.5714285714,"Pendapatan ( 5.000.001 - 10.000.000 )":28.5714285714,"Pendapatan ( > 10.000.000 )":42.8571428571,"Total":2,"Segment":"Third","coord":[-5.10943355,119.434418404]},"Tamalanrea (Makassar)":{"Pendapatan ( < 2.500.000 )":0.0,"Pendapatan ( 2.500.000 - 5.000.000 )":31.25,"Pendapatan ( 5.000.001 - 10.000.000 )":62.5,"Pendapatan ( > 10.000.000 )":6.25,"Total":1,"Segment":"Second","coord":[-5.1291881,119.4983491]},"Tamalate (Makassar)":{"Pendapatan ( < 2.500.000 )":4.1666666667,"Pendapatan ( 2.500.000 - 5.000.000 )":25.0,"Pendapatan ( 5.000.001 - 10.000.000 )":50.0,"Pendapatan ( > 10.000.000 )":20.8333333333,"Total":2,"Segment":"Third","coord":[-5.19156205,119.382492876]},"Ujung Pandang (Makassar)":{"Pendapatan ( < 2.500.000 )":0.0,"Pendapatan ( 2.500.000 - 5.000.000 )":100.0,"Pendapatan ( 5.000.001 - 10.000.000 )":0.0,"Pendapatan ( > 10.000.000 )":0.0,"Total":4,"Segment":"Fifth","coord":[-5.13893555,119.41117058]},"Ujung Tanah (Makassar)":{"Pendapatan ( < 2.500.000 )":0.0,"Pendapatan ( 2.500.000 - 5.000.000 )":50.0,"Pendapatan ( 5.000.001 - 10.000.000 )":0.0,"Pendapatan ( > 10.000.000 )":50.0,"Total":2,"Segment":"Third","coord":[-5.1137181,119.4079524]},"Wajo (Makassar)":{"Pendapatan ( < 2.500.000 )":0.0,"Pendapatan ( 2.500.000 - 5.000.000 )":0.0,"Pendapatan ( 5.000.001 - 10.000.000 )":100.0,"Pendapatan ( > 10.000.000 )":0.0,"Total":0,"Segment":"First","coord":[-5.12219395,119.4100068549]}}