{"Bajeng (Gowa)":{"Luas rumah ( < 36 m^2 )":0.0,"Luas rumah ( 36 - 54 m^2 )":25.0,"Luas rumah ( 54 - 120 m^2 )":50.0,"Luas rumah ( > 120 m^2 )":25.0,"Total":1,"Segment":"Second","coord":[-5.28222885,119.4350907944]},"Barombong (Gowa)":{"Luas rumah ( < 36 m^2 )":0.0,"Luas rumah ( 36 - 54 m^2 )":100.0,"Luas rumah ( 54 - 120 m^2 )":0.0,"Luas rumah ( > 120 m^2 )":0.0,"Total":2,"Segment":"Third","coord":[-5.2367452,119.4200582818]},"Biringkanaya (Makassar)":{"Luas rumah ( < 36 m^2 )":0.0,"Luas rumah ( 36 - 54 m^2 )":10.0,"Luas rumah ( 54 - 120 m^2 )":60.0,"Luas rumah ( > 120 m^2 )":30.0,"Total":1,"Segment":"Second","coord":[-5.10792405,119.5190804173]},"Bontoala (Makassar)":{"Luas rumah ( < 36 m^2 )":16.6666666667,"Luas rumah ( 36 - 54 m^2 )":33.3333333333,"Luas rumah ( 54 - 120 m^2 )":33.3333333333,"Luas rumah ( > 120 m^2 )":16.6666666667,"Total":0,"Segment":"First","coord":[-5.13219,119.4238792]},"Bontomarannu (Gowa)":{"Luas rumah ( < 36 m^2 )":0.0,"Luas rumah ( 36 - 54 m^2 )":40.0,"Luas rumah ( 54 - 120 m^2 )":60.0,"Luas rumah ( > 120 m^2 )":0.0,"Total":1,"Segment":"Second","coord":[-5.2603449,119.5368829384]},"Bontonompo (Gowa)":{"Luas rumah ( < 36 m^2 )":0.0,"Luas rumah ( 36 - 54 m^2 )":0.0,"Luas rumah ( 54 - 120 m^2 )":0.0,"Luas rumah ( > 120 m^2 )":100.0,"Total":4,"Segment":"Fifth","coord":[-5.3657953,119.4316716252]},"Bontonompo Selatan (Gowa)":{"Luas rumah ( < 36 m^2 )":0.0,"Luas rumah ( 36 - 54 m^2 )":100.0,"Luas rumah ( 54 - 120 m^2 )":0.0,"Luas rumah ( > 120 m^2 )":0.0,"Total":2,"Segment":"Third","coord":[-5.40225385,119.397736858]},"Makassar (Makassar)":{"Luas rumah ( < 36 m^2 )":0.0,"Luas rumah ( 36 - 54 m^2 )":25.0,"Luas rumah ( 54 - 120 m^2 )":50.0,"Luas rumah ( > 120 m^2 )":25.0,"Total":1,"Segment":"Second","coord":[-5.1461935,119.4306802885]},"Mamajang (Makassar)":{"Luas rumah ( < 36 m^2 )":0.0,"Luas rumah ( 36 - 54 m^2 )":0.0,"Luas rumah ( 54 - 120 m^2 )":100.0,"Luas rumah ( > 120 m^2 )":0.0,"Total":3,"Segment":"Fourth","coord":[-5.16850795,119.4222357787]},"Manggala (Makassar)":{"Luas rumah ( < 36 m^2 )":10.5263157895,"Luas rumah ( 36 - 54 m^2 )":31.5789473684,"Luas rumah ( 54 - 120 m^2 )":36.8421052632,"Luas rumah ( > 120 m^2 )":21.0526315789,"Total":0,"Segment":"First","coord":[-5.1702242,119.5071852]},"Mariso (Makassar)":{"Luas rumah ( < 36 m^2 )":12.5,"Luas rumah ( 36 - 54 m^2 )":12.5,"Luas rumah ( 54 - 120 m^2 )":75.0,"Luas rumah ( > 120 m^2 )":0.0,"Total":0,"Segment":"First","coord":[-5.1624312,119.4129892]},"Pallangga (Gowa)":{"Luas rumah ( < 36 m^2 )":25.0,"Luas rumah ( 36 - 54 m^2 )":25.0,"Luas rumah ( 54 - 120 m^2 )":50.0,"Luas rumah ( > 120 m^2 )":0.0,"Total":0,"Segment":"First","coord":[-5.24828465,119.4678012002]},"Panakkukang (Makassar)":{"Luas rumah ( < 36 m^2 )":4.1666666667,"Luas rumah ( 36 - 54 m^2 )":16.6666666667,"Luas rumah ( 54 - 120 m^2 )":62.5,"Luas rumah ( > 120 m^2 )":16.6666666667,"Total":1,"Segment":"Second","coord":[-5.146153,119.4561172689]},"Pattallassang (Gowa)":{"Luas rumah ( < 36 m^2 )":0.0,"Luas rumah ( 36 - 54 m^2 )":0.0,"Luas rumah ( 54 - 120 m^2 )":100.0,"Luas rumah ( > 120 m^2 )":0.0,"Total":3,"Segment":"Fourth","coord":[-5.2108032,119.5614860393]},"Rappocini (Makassar)":{"Luas rumah ( < 36 m^2 )":0.0,"Luas rumah ( 36 - 54 m^2 )":23.0769230769,"Luas rumah ( 54 - 120 m^2 )":53.8461538462,"Luas rumah ( > 120 m^2 )":23.0769230769,"Total":1,"Segment":"Second","coord":[-5.1558148,119.4306247]},"Somba Opu (Gowa)":{"Luas rumah ( < 36 m^2 )":0.0,"Luas rumah ( 36 - 54 m^2 )":25.0,"Luas rumah ( 54 - 120 m^2 )":62.5,"Luas rumah ( > 120 m^2 )":12.5,"Total":1,"Segment":"Second","coord":[-5.2072636,119.4856344069]},"Tallo (Makassar)":{"Luas rumah ( < 36 m^2 )":14.2857142857,"Luas rumah ( 36 - 54 m^2 )":14.2857142857,"Luas rumah ( 54 - 120 m^2 )":42.8571428571,"Luas rumah ( > 120 m^2 )":28.5714285714,"Total":0,"Segment":"First","coord":[-5.11443355,119.439418404]},"Tamalanrea (Makassar)":{"Luas rumah ( < 36 m^2 )":6.25,"Luas rumah ( 36 - 54 m^2 )":25.0,"Luas rumah ( 54 - 120 m^2 )":68.75,"Luas rumah ( > 120 m^2 )":0.0,"Total":1,"Segment":"Second","coord":[-5.1341881,119.5033491]},"Tamalate (Makassar)":{"Luas rumah ( < 36 m^2 )":4.1666666667,"Luas rumah ( 36 - 54 m^2 )":20.8333333333,"Luas rumah ( 54 - 120 m^2 )":54.1666666667,"Luas rumah ( > 120 m^2 )":20.8333333333,"Total":1,"Segment":"Second","coord":[-5.19656205,119.387492876]},"Ujung Pandang (Makassar)":{"Luas rumah ( < 36 m^2 )":0.0,"Luas rumah ( 36 - 54 m^2 )":100.0,"Luas rumah ( 54 - 120 m^2 )":0.0,"Luas rumah ( > 120 m^2 )":0.0,"Total":2,"Segment":"Third","coord":[-5.14393555,119.41617058]},"Ujung Tanah (Makassar)":{"Luas rumah ( < 36 m^2 )":0.0,"Luas rumah ( 36 - 54 m^2 )":100.0,"Luas rumah ( 54 - 120 m^2 )":0.0,"Luas rumah ( > 120 m^2 )":0.0,"Total":2,"Segment":"Third","coord":[-5.1187181,119.4129524]},"Wajo (Makassar)":{"Luas rumah ( < 36 m^2 )":0.0,"Luas rumah ( 36 - 54 m^2 )":0.0,"Luas rumah ( 54 - 120 m^2 )":100.0,"Luas rumah ( > 120 m^2 )":0.0,"Total":3,"Segment":"Fourth","coord":[-5.12719395,119.4150068549]}}