{"First":{"('Total', 'count')":4.0,"('Pendapatan ( < 2.500.000 )', 'mean')":0.0,"('Pendapatan ( 2.500.000 - 5.000.000 )', 'mean')":0.0,"('Pendapatan ( 5.000.001 - 10.000.000 )', 'mean')":88.75,"('Pendapatan ( > 10.000.000 )', 'mean')":11.25},"Second":{"('Total', 'count')":4.0,"('Pendapatan ( < 2.500.000 )', 'mean')":0.0,"('Pendapatan ( 2.500.000 - 5.000.000 )', 'mean')":54.0625,"('Pendapatan ( 5.000.001 - 10.000.000 )', 'mean')":44.375,"('Pendapatan ( > 10.000.000 )', 'mean')":1.5625},"Third":{"('Total', 'count')":8.0,"('Pendapatan ( < 2.500.000 )', 'mean')":2.1803306343,"('Pendapatan ( 2.500.000 - 5.000.000 )', 'mean')":26.125409678,"('Pendapatan ( 5.000.001 - 10.000.000 )', 'mean')":35.4498023906,"('Pendapatan ( > 10.000.000 )', 'mean')":36.2444572971},"Fourth":{"('Total', 'count')":3.0,"('Pendapatan ( < 2.500.000 )', 'mean')":18.0555555556,"('Pendapatan ( 2.500.000 - 5.000.000 )', 'mean')":15.2777777778,"('Pendapatan ( 5.000.001 - 10.000.000 )', 'mean')":56.9444444444,"('Pendapatan ( > 10.000.000 )', 'mean')":9.7222222222},"Fifth":{"('Total', 'count')":3.0,"('Pendapatan ( < 2.500.000 )', 'mean')":0.0,"('Pendapatan ( 2.500.000 - 5.000.000 )', 'mean')":100.0,"('Pendapatan ( 5.000.001 - 10.000.000 )', 'mean')":0.0,"('Pendapatan ( > 10.000.000 )', 'mean')":0.0}}